Title,Authors or Organization,Date,Tags,Medium or Type,Hosted,Link
12a: Neural Nets,MIT OpenCourseWare,20-Apr-16,,Video,Youtube,https://www.youtube.com/watch?v=uXt8qF2Zzfo
12b: Deep Neural Nets,MIT OpenCourseWare,20-Apr-16,,Video,Youtube,https://www.youtube.com/watch?v=VrMHA3yX_QI
2017-2018 Summer Boot Camp on Computational Social Science,"Tian Zheng and Raymond Hicks, Columbia University",2018,,Course Materials,Github,https://github.com/DS-BootCamp-DSI-Columbia/AY2017-2018-Summer-CSS
2018 Summer Institutes for Computational Social Science,"Chris Bail, Matthew Salganik",2018,,"Course materials (video, slides, code)",GitHub,https://compsocialscience.github.io/summer-institute/2018/teaching-learning-materials
A Beginner's Guide to Computational Social Science,Andrew Nolan Hall,2019,,Resource and reading List,Github,https://github.com/ohexel/comsocsci
a chapter from Natural Language Processing with Python,"Steven Bird, Ewan Klein and Edward Loper",19-Apr,,Book,personal website,http://www.nltk.org/book/ch01.html
Analysis of the UN General Debate Corpus from a computational social science perspective,Aflueckiger,2019,,Code and dataset,Github,https://github.com/aflueckiger/ungdc
At the Crossroads: Lessons and Challenges in Computational Social Science,"Javier Borge-Holthoefer, Yamir Moreno, Taha Yasseri",29-Aug-16,,Article,Journal,https://www.frontiersin.org/research-topics/3623/at-the-crossroads-lessons-and-challenges-in-computational-social-science#overview
Automating Open Science for Big Data,Merce Crosas et al.,2015,,Publication,University,https://gking.harvard.edu/publications/automating-open-science-big-data
Big data is not only about data: the two cultures of modelling,Giuseppe Alessandro Veltri,17-Apr-17,Methodological,Journal,Journal,http://journals.sagepub.com/doi/full/10.1177/2053951717703997
Big Data Methods for Social Science and Policy,University of Cambridge,,,Report,University,"https://www.publicpolicy.cam.ac.uk/pdf/ppsri-big-data-report
"
Big Data. Big Obstacles.Â ,Dalton Conley et al.,2-Feb-15,,Article,Journal,http://www.chronicle.com/article/Big-Data-Big-Obstacles/151421
Bit by Bit,Matt Salganick,27-Nov-17,,Book,Personal website,https://www.bitbybitbook.com/en/1st-ed/introduction/digital-age/
Bruce Sterling's SXSW 2017 Keynote: what should humans do?,Cory Doctorow,18-Mar-17,,Article/Audio,Web,http://boingboing.net/2017/03/18/ive-seen-the-future-baby-it-is.html
Citizen Science Practices for Computational Social Science Research,OpenScienceSociety,2016,,Article,Github,https://github.com/OpenScienceSociety/popup
Cloud Computing: Concepts and Applications,Krish Rastogi,2016,Business and Communication,Book,OER Commons,https://www.oercommons.org/authoring/6838-cloud-computing-concepts-and-applications
Companion repo for the EuroCSS 2018 workshop on Linguistic Temporal Trajectory Analysis,Bennet Kleinberg,2018,,Code and slides,Github,https://github.com/ben-aaron188/ltta_workshop
Computation for social science seminar code,,2018,,Code,Github,https://github.com/CullenBoldt/CSSproject
Computational Analysis of Social Science Research,"Professor Heather A. Haveman [University of California, Berkeley]",2019,,Code and project overview,Github,https://github.com/h2researchgroup/Computational-Analysis-For-Social-Science
"Computational Cognitive Science, Fall 2004",Joshua Tenenbaum,2004,,Course materials,MITopencourseware,https://www.oercommons.org/courses/9-66j-computational-cognitive-science-fall-2004
Computational Social Science,David Lazer - Science Mag,6-Feb-09,,Article,Journal,http://science.sciencemag.org/content/323/5915/721
Computational Social Science â€” Quo Vadis?,,2019,,Symposium,Github,https://uzhdag.github.io/css/
Computational Social Science (APAM E4990),"Jake Hofman, Columbia University ",2013,,Course Materials,Github,https://github.com/jhofman/css2013
"Computational Social Science (SOC 596), Fall 2016",Matthew Salganik,2016,,Course Slides,Github,https://github.com/msalganik/soc596_f2016
Computational Social Science Amsterdam,University of Amsterdam,2019,,,Github,https://cssamsterdam.github.io/ 
Computational Social Science at the University of Michigan,,2019,,Workshop/ CSS lab materials,Github,https://github.com/UM-CSS
Computational Social Science of Disasters: Opportunities and Challenges,,2019,,Article,ResearchGate,https://www.researchgate.net/publication/332731322_Computational_Social_Science_of_Disasters_Opportunities_and_Challenges
Computational Social Science Project SoSe 2018,Simon SchauÃŸ,2018,,Course Project,Github,https://github.com/sschauss/css
Computational Social Science tutorial - Minerva Schools at KGI course,Her Teoh,2019,,Partial course materials,Github,https://github.com/HerTeoh/computational_social_science
Computational Social Science workshop at European Conference on Complex Systems 2014,Paul Nulty,2014,,"Workshop materials (code, abstract, slides)",Github,https://github.com/pnulty/oiicss
Computational Social Science: Discovery and Prediction,R Michael Alvarez,7-Mar-16,Methodological,Book,Amazon,https://www.amazon.com/Computational-Social-Science-Prediction-Analytical/dp/1107518415
Computational Social Science: Exciting Progress and Future Directions,Duncan J. Watts,22-Jan-14,,Article,University,https://www.nae.edu/Publications/Bridge/106112/106118.aspx
Computational Social Science: Toward a Collaborative Future,Hanna Wallach,21-Feb-15,,Essay (PDF),Personal website,http://dirichlet.net/pdf/wallach15computational.pdf
Course Materials for Teaching R,Thomas Leeper,,,Course Material,Personal website,https://thomasleeper.com/Rcourse/   ; https://github.com/leeper/Rcourse
CSS Grad Workshops,David Masad,2013,,Course Materials,Github,https://github.com/dmasad/cssGradWorkshops
CSS orkshop hosted by the four Dutch technical universities,Vincent Traag,2017,,Workshop materials,Github,https://github.com/vtraag/4TU-CSS
CSS Reading List,Sean Fischer,,,Reading list,Github,https://github.com/sf585978/cssReadingList
CSS Tutorial Notebooks,University of Waterloo,2018,,Course Materials,Github,https://github.com/mmonzoor/computational_social_science_course_notebooks
CSS with Python,Damian Trilling,2019,,Book,Github,https://github.com/damian0604/bdaca/blob/master/book/bd-aca_book.pdf
"Cultures of Computing, Fall 2011",Stefan Helmreich,2011,,Course materials,MITopencourseware,https://www.oercommons.org/courses/21a-350j-the-anthropology-of-computing-fall-2004
Digital Methods Summer School 2019,"Erik Borra, University of Amsterdam",2019,,Summer School ,Wiki,https://wiki.digitalmethods.net/Dmi/SummerSchool2019
DoWhy: Python library that makes it easy to estimate causal effects,Amit Sharma,2018,,Code and blog,Github,https://github.com/microsoft/dowhy
Emerging practices and perspectives on Big Data analysis in economicsÂ ,"Sage - Linnet Taylor, Ralph Schroeder, Eric Meyer",1-Jul-14,,Journal,Journal,http://journals.sagepub.com/doi/full/10.1177/2053951714536877
Environmental Studies & Computer Science,"Chris Dubia, Joel Long",Jan 28 2016,,"Course materials (text, lessons, graphics)",OER Commons,https://arabic.oercommons.org/EN/authoring/4250-environmental-studies-computer-science
EU research 'still failing to include social sciences',David Matthews,3-Apr-17,,Article,Mag,https://www.timeshighereducation.com/news/eu-research-still-failing-to-include-social-sciences
Exploring Mars and Getting Back to Bayesics,Talking Machines and Jasper Snoek,11-Apr-19,,Podcast,Web,http://www.thetalkingmachines.com/
Gary King on Big Data Analysis,Social Science Bites,1-Mar-17,,Article,Web,http://www.socialsciencespace.com/2017/03/gary-king-on-big-data-analysis/
Georgia Tech Graduate Seminar 8803-CSS class,,,,Graduate Seminar,GitHub,https://github.com/jacobeisenstein/gt-css-class
GESIS â€“ Leibniz Institute for the Social Sciences,GESIS,2019,,Repository,Github,https://github.com/gesiscss
GESIS Notebooks: Open Research Computing (ORC) Project,GESIS,,,collection of repositories,Web,https://notebooks.gesis.org/gallery/
ICDMSMA 2019 : International Conference on Data Mining and Social Media Analysis,,June 24-5 2019,,Conference,Web,https://waset.org/conference/2019/06/oslo/ICDMSMA
Implementation of various social dynamics models - Aalto University course,Darshan M.S,2016,,Partial Course Project/materials,Github,https://github.com/MSDarshan91/Computational-Social-Science
"Information, Communication and Society",Danah Boyd and Kate Crawford,10-May-12,,Article,University,https://people.cs.kuleuven.be/~bettina.berendt/teaching/ViennaDH15/boyd_crawford_2012.pdf
Intelligible Machine Learning Models for Healthcare,Microsoft - speaker: Rich Caruana,19-Jun-15,,Video,Web,https://www.microsoft.com/en-us/research/video/intelligible-machine-learning-models-for-healthcare/
Intro to Computational Social Science MS&E 231,"Sharad Goel, Stanford",,,Supplementary Course Materials,Github,https://github.com/5harad/css
Introduction to Computational Thinking and Data Science,"Prof. Eric Grimson, Prof. John Guttag and Dr. Ana Bell",2016,,"Course materials (video, text, lecture notes, assignments)",MITopencourseware,https://ocw.mit.edu/courses/electrical-engineering-and-computer-science/6-0002-introduction-to-computational-thinking-and-data-science-fall-2016/
Introduction to Computational Tools for Social Science,Rachel Bernhard,2018,,Course Materials,Github,https://github.com/ribernhard/PS239T
Introduction to Computational Tools for Social Science (PS239T) course,"Jae Yeon Kim, UC Berkeley",2019,,Course Materials,Github,https://github.com/jaeyk/PS239T
Is Bigger Always Better? Potential Biases of Big Data Derived from Social Network Sites,Sage - Eszter Hargittai,9-Apr-15,Methodological,Journal,Journal,http://journals.sagepub.com/doi/abs/10.1177/0002716215570866
Kellogg PhD Computational Social Science: Methods and Applications,Adam Pah,2018,,Course Materials,Github,https://github.com/adamrpah/KPHD_CSS
Laboratory for exploring Computational Social Science,Gregg Reynolds,2014,,Resource List,Github,https://github.com/mobileink/lab.compss
"Laboratory in Cognitive Science, Fall 2002",Pawan Sinha,2002,,Course materials,MITopencourseware,https://www.oercommons.org/courses/9-63-laboratory-in-cognitive-science-fall-2002
MA Computational Social Science,University of Chicago,2019,,Course Materials,Github,https://github.com/UC-MACSS
MACSS Computational Social Science Workshop,University of Chicago,2019,,Workshop materials,Github,https://github.com/uchicago-computation-workshop
Methods @ Manchester: Social Media for Data Analysis,Mike Thelwall,01- 05 July 2019,,Training Day,Web,https://www.ncrm.ac.uk/training/show.php?article=9827
Mobile Learning for Child Welfare,"Valerie Ryan, Lead Instructional Developer at the Academy for Professional Excellence at San Diego State University",2013,Social work,Webinar,OER Commons,https://www.oercommons.org/courses/mobile-learning-for-child-welfare
Natural Language and the Computer Representation of Knowledge,Robert Berwick,2003,,Course materials,MITopencourseware,https://www.oercommons.org/courses/6-863j-natural-language-and-the-computer-representation-of-knowledge-spring-2003
Natural Language Processing,Jacob Eisenstein,18-Nov,,Book,GitHub,https://github.com/jacobeisenstein/gt-nlp-class/blob/master/notes/eisenstein-nlp-notes.pdf
O'Reilly Data Show - O'Reilly Media Podcast,O'Reilly Media,,,Podcast,iTunes,https://itunes.apple.com/us/podcast/oreilly-data-show/id944929220?intcmp=il-data-na-na-na_20150826_radar_data_show_podcast_post_top_subscribe_cta
Ongoing list of useful lexica from Computational Social Science,Sharath Chandra,2019,,Lexica list,Github,https://github.com/chandrasg/lexica
Oxford Internet Institute Digital Social Research: Methods Core,OII,,,Reading List,Web,https://rl.talis.com/3/oxford/lists/2CD6A27D-E74A-53FA-B043-D4FD8E60D09E.html?lang=en-GB
Partially DerivativeÂ ,"Jonathon Morgan, Vidya Spandana, Chris Albon",,,Podcast,Web,http://partiallyderivative.com/
Perspectives on Computational Research Project (U Chicago MA course project - MACS30200),Laurence Warner,2018,,Course Project,Github,https://github.com/w4rner/MACS30200proj
POIR 613: Measurement Models and Statistical Computing ,Uni of Southern Califorrnia,2017,,Course materials ,GitHub,https://github.com/pablobarbera/POIR613
Psychologists Want In On Social Media's Big Data Trove,Adam Rogers,13-Dec-17,,Article,Mag,https://www.wired.com/story/the-traces-of-your-digital-life-could-upend-social-science/?mbid=nl_121317_backchannel_p6
Python Tutorials Repository,User: nealcaren,2015,Python,Repository,GitHub,https://github.com/nealcaren/python-tutorials
R for criminologists,Reka Solymosi,,,,Github,https://github.com/maczokni/R-for-Criminologists
R helper Functions,Bennet Kleinberg,2018,,Code and slides,Github,https://github.com/ben-aaron188?tab=repositories
Replication project for Georgia Tech's Computational Social Science course (CS 8803),Ian Stewart,2018,,Course Project,Github,https://github.com/ianbstewart/CSS_replication_project
Research Data Management,areff2000,,,Diagram,Web,https://www.mindmeister.com/485435680/research-data-management-for-a-researcher
Research on Computational Social Science,Kosuke Imai,2018,,Reading list,University,https://imai.fas.harvard.edu/projects/css.html
Response to Ceglowski on superintelligence,Matthew GravesÂ ,13-Jan-17,,Article,,https://t.co/TbBZqazaZ5
Rumor Modelling,Minerva Schools at KGI.,,,Code and slides,Github,https://github.com/a-parida12/RumorModeling
Scattertext-PyData - A guide to using the python package Scattertext,Jason Kessler,2017,,repository,Github,https://github.com/JasonKessler/Scattertext-PyData
Self-taught computational social science,honeyAndSw,2017,,Repository,Github,https://github.com/honeyAndSw/computational-social-science
Sentiment Analysis on Product Reviews,Yang Zhou,2018,,Code,Github,https://github.com/YangZhouCSS/reviews_sentiment
Should social science be more solution-oriented?,Duncan J. Watts,10-Jan-17,,Article,Journal,https://www.nature.com/articles/s41562-016-0015
"Social Data: Biases, Methodological Pitfalls, and Ethical Boundaries",Alexandra Olteanu et al.Â ,16-Dec,Methodological,Publication,Microsoft,https://www.microsoft.com/en-us/research/publication/social-data-biases-methodological-pitfalls-ethical-boundaries/
Social Media Analyses for Social Measurement,Michael F. Schober et al.,"January 13, Â 2016",Methodological,Article,,https://academic.oup.com/poq/article-abstract/80/1/180/2593846/Social-Media-Analyses-for-Social-Measurement?redirectedFrom=PDF
Social Physics: How Good Ideas SpreadÂ ,Talks at Google - Sandy PentlandÂ ,7-Mar-14,,Video,Youtube,https://www.youtube.com/watch?v=HMBl0ttu-Ow
Social Science Mag,Susan Athey,"Feburary 3, 2017",,References,Journal,"http://science.sciencemag.org/content/355/6324 
"
Sociology and Methodology of Social Research SOMET seminar series,NASP,May - July 2019,,Seminar Series,,https://www.nasp.eu/news-events-seminars/somet-seminar-series-2019-understanding-digital-societies.html
Solutions for SOC 596: Computational Social Science (Princeton University),Alex Kindel,2016,,Course materials (Solutions),Github,https://github.com/atkindel/css_activities
Stanford Computational Social Science Workshop material,Jongbin Jung,2015,,Workshop Materials,Github,https://github.com/jongbinjung/css-python-workshop 
Structural topic models for enriching quantitative text analysis tutorial,Cornelius Puschmann,July 17th 2019,,Conference tutorial,Github,https://github.com/cbpuschmann/stm_ic2s2
Summer Institute of Computational Social Science,Russell Sage Foundation & Alfred Sloan Foundation,2019,,Summer school,GitHub page,https://compsocialscience.github.io/summer-institute/2019/
Summer Institute of Computational Social Science - Partner Site,,2019,,Conference,Github,https://compsocialscience.github.io/summer-institute/2019/los-angeles/
Superintelligence: The Idea That Eats Smart People,Maciej Ceglowski,29-Oct-16,,Keynote Transcript,,http://idlewords.com/talks/superintelligence.htm
Superintelligence: The Idea That Eats Smart People,Maciej Ceglowski,6-Dec-16,,video,YouTube,https://www.youtube.com/watch?v=kErHiET5YPwÂ 
"Susan Athey on Machine Learning, Big Data, and Causation",The Library of Economic and Liberty,12-Sep-16,,Audio,web,http://www.econtalk.org/archives/2016/09/susan_athey_on.html
Ten simple rules for responsible big data research,Matthew Zook et al.Â ,30-Mar-17,,Journal,Journal,http://journals.plos.org/ploscompbiol/article?id=10.1371/journal.pcbi.1005399
The AI Misinformation Epidemic,Zachary C. Lipton,28-Mar-17,,Article,web,"http://approximatelycorrect.com/2017/03/28/the-ai-misinformation-epidemic/ 
"
The Digital Divide Among Twitter Users and Its Implications for Social Research,Sage - Grant Blank,12-Oct-16,Methodological,Journal,Journal,http://journals.sagepub.com/doi/abs/10.1177/0894439316671698
The History of Computing,Slava Gerovitch,2004,,Course materials,MITopencourseware,https://www.oercommons.org/courses/sts-035-the-history-of-computing-spring-2004
The major advancements in Deep Learning in 2016,Pablo SotoÂ ,6-Dec-16,,Blog,web,https://tryolabs.com/blog/2016/12/06/major-advancements-deep-learning-2016/
The Messy Fourth Estate,Danah BoydÂ ,20-Jun-18,,Blog,web,"http://www.zephoria.org/thoughts/
"
The Ultimate Data Set,Fred Schmalz,,,Article,University,https://insight.kellogg.northwestern.edu/article/the-ultimate-data-set?_ga=1.165622070.845262339.1492534036
Tools for doing computational social science in Python,Michael Chary,2014,,Tools/resources list,Github,https://github.com/mac389/snappy
"tools/resources for journalism, media, communication, computational social science",Peter Dahlgren,,,Tools/resources list,Github,https://github.com/peterdalle/mediacommtools
UofT Computational Social Science course: academic paper reviews and presentations,Thomas Hollis,2019,,publication List,Github,https://github.com/PsiPhiTheta/Computational-SocSci-Labs
We Are All Social Scientists Now,Justin Grimmer - Standford University,15-Jan,,Symposium (PDF),University,https://stanford.edu/~jgrimmer/bd_2.pdf
Who Is Doing Computational Social Science?,"Sage - Katie Metlzer, David A. Kim, Nick Allum, Angella Denman",2016,,Whitepaper,journal,https://us.sagepub.com/sites/default/files/compsocsci.pdf
Workshop series teaching R,Ryan Wesslen,2017,,Workshop Materials,Github,https://github.com/wesslen/fall2017-rworkshops
WWW 2015 Tutorial on online CSS experiments,user: eytan,2018,Python,Tutorial materials,GitHub,https://github.com/eytan/www-15-tutorial
Humanities-CS1,Jim Malazita,2019,digital humanities,homework,GitHub,https://github.com/jwm462/Humanities-CS1/tree/master
Programming FUNdamentals,"D-Lab, UC Berkeley",12-Jan-15,D-Lab training,training,GitHub,https://github.com/rochelleterman/programming-fundamentals
Computational Text Analysis,"D-Lab, UC Berkeley and Digital Humanities @ Berkeley Summer Institute","May 2 â€“ 6, 2016 & Aug 17 â€“ 21, 2015",,training,GitHub,https://github.com/rochelleterman/text-analysis-dhbsi
Extracting Data from the Web in Python,"D-Lab, UC Berkeley","May 23 â€“ 26, 2016",python,training,GitHub,https://github.com/dlab-berkeley/python-data-from-web
Data Wrangling and Manipulation in R,"D-Lab, UC Berkeley",22-Aug-16,R,training,GitHub,https://github.com/rochelleterman/r-data-wrang
Graphics in R,"D-Lab, UC Berkeley",23-Aug-16,R,training,GitHub,https://github.com/rochelleterman/r-graphics
Machine Learning with scikit-learn,"The Hacker Within, UC Berkeley",15-Nov-16,,training,GitHub,https://github.com/henchc/THW-scikit-learn
Introduction to Text Analysis,"Institute for Political Methodology, Taiwan","July 24-25, 2018 ",,training,GitHub,https://github.com/rochelleterman/IPM-text
Introduction to Computational Tools and Techniques ,"Political Science Department, University of California, Berkeley",Fall 2015,,Graduate,GitHub,https://github.com/rochelleterman/PS239T
Machine Learning for Political Science,"Political Science Department, Stanford University",Winter 2018,,Undergraduate/Graduate,GitHub,https://github.com/rochelleterman/polisci150b
Research Methods: Getting to Grips with Research Design,Leicester University Psychology Department,,,Podcast,University,https://www2.le.ac.uk/projects/oer/oers/psychology/research-methods-getting-to-grips-with-research-design
Assessing the Measurement and Validity of Ambiguous Concepts in Ethnic Conflict Datasets,Devashree Gupta,11/6/14,,Activity / Lab,OER Commons,https://www.oercommons.org/courses/assessing-the-measurement-and-validity-of-ambiguous-concepts-in-ethnic-conflict-datasets
Python Data Science Handbook,Jake Vanderplas,2018,python,Handbook,github,https://github.com/jakevdp/PythonDataScienceHandbook
A Whirlwind Tour of Python,Jake Vanderplas,2017,python,Report materials,github,https://github.com/jakevdp/WhirlwindTourOfPython
CSS Reading List,Sean Fischer,2018,,Reading List,github,https://github.com/sf585978/cssReadingList
Collaborative Social Science Research Class,Lisa Katharina,2015,,Course materials,github,https://github.com/LisaKatharina/CSSR_Class
Linked Open Data and Computational Social Science Methods,"Ji Ma, UT Austin",2019,,Course materials,github,https://github.com/ma-ji/open_data
Introduction to Computational Tools for Social Science,"Rachel Bernhard, Berkley",2017,,Course materials,github,https://github.com/ribernhard/PS239T
"On the design of a statistical database, micro-, macro- and metadata modelling",Hans-J Lenz,1993,,Journal article,SSOAR,https://www.ssoar.info/ssoar/handle/document/3273
BJS Dynamic Data Tools,U.S Bureau of Justice Statistics,11/7/14,,Lesson,OER Commons,https://www.oercommons.org/courses/bjs-dynamic-data-tools
Introduction to Data Science in Python,Hillary Green-Lerman,,python,Course,DataCamp,https://www.datacamp.com/courses/introduction-to-data-science-in-python
Building an Electoral Dataset and Testing Hypotheses with the Data,Alfred Montero,11/6/14,,Activity / Lab,OER Commons,https://www.oercommons.org/courses/building-an-electoral-dataset-and-testing-hypotheses-with-the-data
Basic Monte Carlo Simulation for Beginning Econometrics,Betty J. Blecha,28/08/2012,,Activity / Lab,OER Commons,https://www.oercommons.org/courses/basic-monte-carlo-simulation-for-beginning-econometrics
Introductory Business Statistics,Kevin Hadley,2019,statistics ,book,OpenStax,https://openstax.org/details/books/introductory-business-statistics
"Big Data, Digital Media, and Computational Social Science: Possibilities and Perils",Sage- Dhavan V. Shah et al.,2015,,article,Journal,https://journals.sagepub.com/doi/full/10.1177/0002716215572084
"Computational Social Science Methodology, Anyone?","Joop J. Hox, Utrecht University",2017,methodology,article,Journal,https://econtent.hogrefe.com/doi/full/10.1027/1614-2241/a000127
"Caveat emptor, computational social science: Large-scale missing data in a widely-published Reddit corpus","Devin Gaffney ,J. Nathan Matias",2018,,article,Journal,https://journals.plos.org/plosone/article?id=10.1371/journal.pone.0200162
The locus of legitimate interpretation in Big Data sciences: Lessons for computational social science from -omic biology and high-energy physics,Sage- Andrew Bartlett et al.,2018,,article,Journal,https://journals.sagepub.com/doi/full/10.1177/2053951718768831
Computational Social Science,Facebook Research,2019,,Video,Facebook Research,https://research.fb.com/videos/computational-social-science/
Online Learning for Measuring Incentive Compatibility in Ad Auctions,"Zhe Feng, Okke Schrijvers, Eric Sodomka",2019,,article,Facebook Research,https://research.fb.com/publications/online-learning-for-measuring-incentive-compatibility-in-ad-auctions/
Using Big Data to Identify and Understand Educational Inequality in America,"Elin Waring, Joseph Cleary",7/1/19,,Activity / Lab,OER Commons,https://www.oercommons.org/courses/using-big-data-to-identify-and-understand-educational-by-joseph-cleary-and-elin-waring-2
Social Connectedness Index,Facebook Research,2019,,Video,Facebook Research,https://research.fb.com/videos/social-connectedness/
At The Crossroads: Lessons And Challenges In Computational Social Science,"Dr Taha Yasseri, Oxford Uni",2017,,Video,Oxford Internet Institute,https://www.oii.ox.ac.uk/videos/at-the-crossroads-lessons-and-challenges-in-computational-social-science/
Big Data: Demonstrating The Value Of The UK Web Domain Dataset For Social Science Research,Professor Helen Margetts,2014,,article,Oxford Internet Institute,https://www.oii.ox.ac.uk/research/projects/uk-web-domain-dataset-for-social-science-research/
AI for precision mental health,"Professor Zoe Kourtzi, Dr Maria Liakata",2019,,Research Project,Alan Turning Institue,https://www.turing.ac.uk/research/research-projects/ai-precision-mental-health
D4M: Signal Processing on Databases,Jeremy Kepner,2012,,Course,MIT Open Courseware,https://ocw.mit.edu/resources/res-ll-005-d4m-signal-processing-on-databases-fall-2012/index.htm#
Data Management,MIT Libraries Data Management,2016,,Workshop materials,MIT Open Courseware,https://ocw.mit.edu/resources/res-str-002-data-management-spring-2016/#
"How to Process, Analyze and Visualize Data",Adam Marcus and Eugene Wu,,,PDF,MIT Open Courseware,https://ocw.mit.edu/resources/res-6-009-how-to-process-analyze-and-visualize-data-january-iap-2012/lectures-and-labs/MITRES_6_009IAP12_lab5.pdf
WHAT IS COMPUTATIONAL SOCIAL SCIENCE?,Kellogg School of Management,5/4/17,,Youtube Video ,Youtube,https://www.youtube.com/watch?v=kyZkptxlSA8
Computational Social Science: Progress & Future Challenges,Duncan Watts,9/12/16,,Youtube Video,Youtube,https://www.youtube.com/watch?v=gykNdC2CLVg
"SICSS 2018 - Introduction to Computational Social Science (Day 1. June 18, 2018) ",Summer Institute in Computational Social Science,2018,,Youtube Video,Youtube,https://www.youtube.com/watch?v=9flaMjO-r24
Computational Social Science,David Lazer et al.- Harvard,2009,,article,Journal,https://gking.harvard.edu/files/LazPenAda09.pdf
SICSS 2019 -- Introduction to computational social science,Summer Institute in Computational Social Science,2019,,Youtube Video,Youtube,https://www.youtube.com/watch?v=EF7X9wwl0q4
Computational Social Science: Social Research in the Digital Age,Matthew Salganik,2016,,Syllabus,Prinston Uni,http://www.princeton.edu/~mjs3/soc596_f2016/
MasterÂ´s Programme in Computational Social Science,Board of the Faculty of Arts and Sciences,2017,,Syllabus,LINKÃ–PING UNIVERSITY,https://liu.se/studieinfo/en/program/f7mcd/3975/syllabus
Computational social sciences at the CMB,CentreMarcBloch,2019,,Youtube Video,Youtube,https://www.youtube.com/watch?v=idmreTQzeg0
Copmutational Social Science Initiative London: Large-Scale Human Behavior Mining Using Smart-Phones,Kate Farrahi,6/6/16,,Youtube Video,Youtube,https://www.youtube.com/watch?v=nIs7xCzwF2Y
Computational Social Science,"Katie Watanabe, Mayra Zamora",,,Syllabus,UC Davis,https://communication.ucdavis.edu/undergraduate/course-descriptions/course-syllabi/cmn150v-computational-social-science/view
Computing for the Social Sciences,Benjamin Soltoff,2019,,Syllabus+ Slides,U Chicago,https://cfss.uchicago.edu/talk/
"Josh Epstein - ""Frontiers of Computational Social Science"" (C4 Public Lectures)",Joshua Epstein,18/03/2019,,Youtube Video,Youtube,https://www.youtube.com/watch?v=wjFNFqnqlKo
Introduction to PRogramming (Python) for the Humaities and Social Sciences,M. H. Beals,7/10/18,,Youtube Video,Youtube,https://www.youtube.com/watch?v=bFNgh0KR7_E
"Networks, Crowds, and Markets: Reasoning About a Highly Connected World",David Easley and Jon Kleinberg,2010,,Book,Cornell Uni,http://www.cs.cornell.edu/home/kleinber/networks-book/
Python Full Course - Learn Python in 12 Hours | Python Tutorial for Beginners | Edureka,edureka!,2019,,Youtube Video Course,Youtube,https://www.youtube.com/watch?v=WGJJIrtnfpk&list=PL9ooVrP1hQOHY-BeYrKHDrHKphsJOyRyu
Cascading Behavior in Networks,Osamah Al-Ghammari,2016,,Slides,LinkedIn,https://www.slideshare.net/OsamahAlGhammari/cascading-behavior-in-networks
Data Analysis with Python,Academind,2/11/18,,Youtube Video,Youtube,https://www.youtube.com/watch?v=cXP_i5-nTXg
Simulation in Social Sciences - Lecture 6 in Introduction to Computational Social Science,Lauri Eloranta- Helsinki Uni,2015,,Slides,LinkedIn,https://www.slideshare.net/laurieloranta/simulation-in-social-sciences-lecture-6-in-introduction-to-computational-social-science?qid=1cc31068-84bf-4a8c-ab65-1d99a74e40f8&v=&b=&from_search=60
What is Computational Social Science?,Lauri Eloranta- Helsinki Uni,2015,,Video,Vimeo,https://vimeo.com/138522202
Computational Methods for Modeling and Analyzing Complex Networks / Aaron Clauset,Aaron Clauset- CU Boulder,2014,,Video,Vimeo,https://vimeo.com/106614659
Data Science Master Training - Introductory Session,user- ZaranTech,2020,,Video,Vimeo,https://vimeo.com/380986095
Data Science for Human Well-being,Tim Althoff- Washington Uni,2019,,Video,Vimeo,https://vimeo.com/380172085
A Byte of Python,not found,2016,python,Handbook,GitBook,https://swaroop-c-h.gitbook.io/byte-of-python/
R Programming For Beginners | R Language Tutorial | R Tutorial For Beginners | Edureka,edureka!,18/05/2017,,Youtube Video,Youtube,https://www.youtube.com/watch?v=fDRa82lxzaU
Data Analysis with Pyton for Excel Users,APMonitor.com,14/10/2015,,Youtube Video ,Youtube,https://www.youtube.com/watch?v=FXhED53VZ50
R Programming | Simplilearn,Simplilearn,2017,,Youtube Video Course,Youtube,https://www.youtube.com/watch?v=Uenf8DbOjz0&list=PLEiEAq2VkUUKAw0aAJ1W4jpZ1q9LpX4yG
Python Tutorial Videos | Simplilearn,Simplilearn,2019,,Youtube Video Course,Youtube ,https://www.youtube.com/watch?v=rKaN8JC70Iw&list=PLEiEAq2VkUUKoW1o-A-VEmkoGKSC26i_I
Digital Science Webinar: Articulating Research Impact - Strategies from Around the Globe,"Jonathan Adams, Stacy Konkiel, Daniel S. Katz",2016,,Webinar,Figshare,https://figshare.com/articles/Digital_Science_Webinar_Articulating_Research_Impact_Strategies_from_Around_the_Globe/3555630
Digital Science Webinar: Dealing with Data in a New Era of Research Data Management,"Kristin Briney, Margaret Henderso, Mariette van Selm",2016,,Webinar,Figshare,https://figshare.com/articles/Webinar_Dealing_with_Data_in_a_New_Era_of_Research_Data_Management/3518474
Dive Into Python 3,Mark Pilgrim,2004,python,Book,Dive Into Python 3,http://diveintopython3.problemsolving.io/
python social science intro,"Digital & Computational Methods, Faculty of Social Science, University of Helsinki",2018,python,Course materials,github,https://github.com/uh-dcm/python-social-science-intro
Smartphones: An Emerging Tool for Social Scientists,Sage- Mika Raento et al.,2009,,article,Journal,https://journals.sagepub.com/doi/10.1177/0049124108330005
Cascading Behavior in Networks,Lesley Van der Wee- Antwerp Uni,2010,,presentation,KU Leuven,https://people.cs.kuleuven.be/~bettina.berendt/teaching/2010-11-2ndsemester/ctdb/Mini-workshops/L4_P.pdf
Computational thinking,Jeannette Wing,2018,,video,CommonSpace,https://www.commonspaces.eu/oer/computational-thinking/view/
Can Distributed Volunteers Accomplish Massive Data Analysis Tasks?,Kanefsky et al.,2001,,article,Journal,https://ti.arc.nasa.gov/m/pub-archive/212h/0212%20(Kanefsky).pdf
Handbook on Data Collection,AfriAlliance,2018,,handbook,AfriAlliance,https://afrialliance.org/files/downloads/2019-03/AfriAlliance_Handbook_on_data_collection_2018_ENG.pdf
"Quantitative Research Methods for Political Science, Public Policy and Public Administration (With Applicatiosn in R)",,2017,,Textbook,Open Textbook Library,https://open.umn.edu/opentextbooks/textbooks/536
Statistical Thinking for the 21st Century,Russell A. Poldrack,2018,,Textbook,Open Textbook Library,https://open.umn.edu/opentextbooks/textbooks/statistical-thinking-for-the-21st-century
An Introduction to Psychological Statistics,"Garett C. Foster, David Lane, David Scott, Mikki Hebl, Rudy Guerra, Dan Oserson, Heidi Zimmer",2018,,Textbook,Open Textbook Library,https://open.umn.edu/opentextbooks/textbooks/an-introduction-to-psychological-statistics
Computational Challenges in Global Environmental Research Infrastructures,"Paul Martin, Yin Chen, Alex Hardisty, Keith Jeffery, Zhiming Zhao",2017,,Book Chapter,Zenodo,https://zenodo.org/record/3361569#.XhciMcj7SUk
Best Practices for Sustainable and Open Research Software in Computational Research,Kyle Niemeyer,2018,,Presentation,Zenodo,https://zenodo.org/record/1286959#.XhciO8j7SUk
Research Methods in Psychology (New Zealand edition),"Paul Price, Rajiv Jhangiani",2018,,Textbook,Open Textbook Library,https://open.umn.edu/opentextbooks/textbooks/research-methods-in-psychology-new-zealand-edition
Learning Statistics with R: A tutorial for psychology students and other beginners,Danielle Navarro,2018,,Textbook,Open Textbook Library,https://open.umn.edu/opentextbooks/textbooks/learning-statistics-with-r-a-tutorial-for-psychology-students-and-other-beginners
Research Methods in Psychology - 2nd Canadian Edition,"Rajiv S. Jhangiani, I-Chant A. Chiang",2015,,Textbook,Open Textbook Library,https://open.umn.edu/opentextbooks/textbooks/research-methods-in-psychology-2nd-canadian-edition
Course 10: Relational Database Management Systems (RDBMS) (ArsDigita University),ArsDigita Computer Science University,2004,,video,OER Archives,https://archive.org/details/arsdigita_10_databases
Unit-16 Computer Application in Social Science Research,IGNOU,2017,,Course materials,eGyanKosh,http://www.egyankosh.ac.in/handle/123456789/20535
International Social Research Methods,LSE,,,training,ReStore,http://www.restore.ac.uk/ISResMeth/
Learning from Data: the art of statistics,David Spiegelhalter,2019,,lecture video,LSE,http://www.lse.ac.uk/lse-player?id=4663
Data Literacy and Data Visualization,Bear F. Braumoeller,,,Audio course material,iTunes,https://itunes.apple.com/us/course/data-literacy-data-visualization/id693097601?ign-mpt=uo%3D8
Chapter 5 Theory and Methodology in Learning Design Research ,GrÃ¡inne Conole,2011,,Book Chapter,cloudworks,https://cloudworks.ac.uk/cloud/view/5409
eSourceL Behavioral and Social Science Research,Cathy Swift,2011,,Textbook,e-Source,http://www.esourceresearch.org/DefaultPermissions/ELearningBook/tabid/226/Default.aspx
Data Visualization for Statistics in Social Science,Daniel LÃ¼decke,2020,,Repository,GitHub,https://github.com/strengejacke/sjPlot
The dialectic of the general and particular in social science research and teaching,Wolff-Michael Roth,2003,,Journal article,SSOAR,https://www.ssoar.info/ssoar/handle/document/5052
Introduction to Research Methods in Political Science,John L. Korey,2008,,Textbook,CalPolyPomona,https://www.cpp.edu/~jlkorey/POWERMUTT/index.html
"Social Science Research: Principles, Methods, and Practices",Anol Bhattacherjee,2012,,Textbook,Scholar Commons,https://scholarcommons.usf.edu/cgi/viewcontent.cgi?referer=&httpsredir=1&article=1002&context=oa_textbooks
17.874 Quantitative Research Methods: Multivariate,Stephen Ansolabehere,2004,,Course,MIT Open Courseware,https://ocw.mit.edu/courses/political-science/17-874-quantitative-research-methods-multivariate-spring-2004/
Swirl Lessons for ``Quantitative Social Science: An Introduction'',Kosuke Imai,2017,,Course materials,GitHub,https://github.com/kosukeimai/qss-swirl
Social Data Science 2019 - a summer school course,Andreas Bjerre-Nielsen,2019,,Course materials,GitHub,https://github.com/abjer/sds2019
Inquiry and Interpretation in Social Sciences,Lori Bradford,2013,,Reference material,MERLOT,https://contentbuilder.merlot.org/toolkit/html/snapshot.php?id=25275537767704
Data Science 101,Data Science for Social Good,2014,,Course materials,GitHub,https://github.com/dssg/data-science-101
Machine Learning for Social Science,Rochelle Terman,2018,,Course materials,GitHub,https://github.com/rochelleterman/polisci150b
Introduction to Social Science Data Analysis,Christopher Gandrud,2013,,Course materials,GitHub,https://github.com/christophergandrud/Introduction_to_Statistics_and_Data_Analysis_Yonsei
Some Methodological Uses of Responses to Open Questions and Other Verbatim Comments in Quantitative Surveys,"Eleanor Singer, Mick P. Couper",2017,,Journal article,SSOAR,https://www.ssoar.info/ssoar/handle/document/52403
Data Processing and Visualization Course at QMSS,Navid Hassanpour,2016,,Course materials,GitHub,https://github.com/hassanpour/QMSS_G4063--Digital-Methods-for-the-Social-Sciences
The great change: quantitative approaches to the transformation of European society,Konrad H. Jarausch,1985,,Journal article,SSOAR,https://www.ssoar.info/ssoar/handle/document/3493
"Mixed methods: combining expert interviews, cross-impact analysis and scenario development","Matthias Muskat, Deborah Blackman, Birgit Muskat",2012,,Journal article,SSOAR,https://www.ssoar.info/ssoar/handle/document/50241
Social Data Science,Sebastian Barfort,2015,,Course materials,GitHub,https://github.com/sebastianbarfort/sds
R(software),Johannes Breuer,2017,,,SSOAR,https://www.ssoar.info/ssoar/bitstream/handle/document/61071/ssoar-2017-breuer-R_Software.pdf?sequence=1&isAllowed=y&lnkname=ssoar-2017-breuer-R_Software.pdf
A First Course in Data Science,Donghui Yan,2019,,Article,Journal,https://www.tandfonline.com/doi/full/10.1080/10691898.2019.1623136
Computer-Assisted Content Analysis,Erhard Mergenthaler,1995,,Article,SSOAR,https://www.ssoar.info/ssoar/handle/document/49743
Summer 2018 Boot Camp on Computational Social Science,DSI Columbia University,2018,,Course materials,GitHub,https://github.com/DS-BootCamp-DSI-Columbia/AY2017-2018-Summer-CSS
Useful IPython Notebooks for learning Computational Social Science techniques,Neal Caren,2015,python,Python Notebooks,GitHub,https://github.com/nealcaren/python-tutorials
Materials for the WWW 2015 tutorial on online experiments for computational social science,Eytan Bakshy,2015,,Course materials,GitHub,https://github.com/eytan/www-15-tutorial
Material for a Computational Social Science (CSS) Workshop hosted by the four Dutch technical universities.,Vincent Traag,2019,,Course materials,GitHub,https://github.com/vtraag/4TU-CSS
Text as Data: Statistical Text analysis for the Social Sciences,Princeton University,2016,,Syllabus,GitHub,https://github.com/honeyAndSw/computational-social-science/blob/master/resources/princeton-textasdata-syllabus-2016.pdf
Supplementary material for MS&E 231: Intro to Computational Social Science,Sharad Goel,2020,,Course materials,GitHub,https://github.com/5harad/css
MATH 146 â€“ Introduction to Statistics,Federico Marchetti ,,,Course ,Google Drive,https://drive.google.com/drive/u/0/folders/0B9HLBJSmC6v2bmkzVDJiTThqWFk
Introduction to Computational Creativity, University of Helsinki,2015,,Lecture,Merlot,https://www.merlot.org/merlot/viewMaterial.htm?id=936659
Python for Everybody,Charles R. Severance,2016,python,Textbook,Merlot,http://do1.dr-chuck.com/pythonlearn/EN_us/pythonlearn.pdf
Computer-assisted text analysis methodology in the social sciences,Melina Alexa,1997,,Working paper,SSOAR,https://www.ssoar.info/ssoar/handle/document/20084
Research Methods Exercises Using the 2017 Monitoring the Future Survey of High School Seniors and SDA ,Ed Nelson,2019,,Exercises,Merlot,http://ssric.org/node/619
Opening up to big data: computer-assisted analysis of textual data in social sciences,Gregor Wiedemann,2013,,Journal article,SSOAR,https://www.ssoar.info/ssoar/handle/document/38344
Computational Social Science for the World Wide Web,"Markus Strohmaier, Claudie Wagner",2014,,Journal article,SSOAR,https://www.ssoar.info/ssoar/handle/document/61937
Identifying events using computer-assisted text analysis,"Juliane Landmann, Cornelia ZÃ¼ll",2008,,Journal article,SSOAR,https://www.ssoar.info/ssoar/handle/document/44368
The use of OER for research methods teaching in social science and education,Ester Ehiyazaryan,2011,,Teaching help,cloudworks,https://cloudworks.ac.uk/cloud/view/5548
Ethnography and analysis: a test of some algorithmic procedures,J.C Mitchell,1981,,Collection article,SSOAR,https://www.ssoar.info/ssoar/handle/document/18943
Data Processing and Documentation: Generating High Quality Research Data in Quantitative Social Science Research,Sebastian Netscher,2018,,Collection,SSOAR,https://www.ssoar.info/ssoar/handle/document/59492
Possible Uses of Nonprobability Sampling for the Social Sciences,Ulrich Kohler,2019,,Journal article,SSOAR,https://www.ssoar.info/ssoar/handle/document/62409
Can Nonprobability Samples be Used for Social Science Research? A cautionary tale,"Elizabeth S. Zack, John Kennedy, J. Scott Long",2019,,Journal article,SSOAR,https://www.ssoar.info/ssoar/handle/document/63847
Computational and Simulation Modeling of Political Attitudes: the 'Tiger' Area of Political Culture Research,Camelia Florela Voinea,2016,,Journal article,SSOAR,https://www.ssoar.info/ssoar/handle/document/45947
Video games as a multifaceted medium: a review of quantitative social science research on video games and a typology of video game research approaches,James D. Ivory,2013,,Journal article,SSOAR,https://www.ssoar.info/ssoar/handle/document/32903
Computer-Assisted Content Analysis of Twitter Data,"Jessica EinspÃ¤nner, Mark Dang-Anh, Caja Thimm",2014,,Collection article,SSOAR,https://www.ssoar.info/ssoar/handle/document/54492
Documenting Georeferenced Social Science Survey Data: Limits of Metadata Standards and Possible Solutions,"Stefan JÃ¼nger, Kerrin Borschewski, Wolfgang Zenk-MÃ¶ltgen",2019,,Journal article,SSOAR,https://www.ssoar.info/ssoar/handle/document/66069
CSS workshop on Open Science and Software best practices,"van Kuppevelt, Dafne; Diblen, Faruk",2019,,Presentation,zenodo,https://zenodo.org/record/3233889#.XiHVS0f7SUk
Social Science Preregistration Metadata Crosswalk,"Karcher, Sebastian",2018,,Dataset,zenodo,https://zenodo.org/record/1158297#.XiHWoUf7SUk
From Counting to Connecting at KU's Digital Social Science Lab,"Parraguez, Pedro",2016,,Presentation,zenodo,https://zenodo.org/record/46473#.XiHXjEf7SUk
Finding Ways Between Metadata Models,"Kleemola, Mari; Moilanen, Katja; Dolinar, Maja; Brvar, Irena Vipavc",2018,,Presentation,zenodo,https://zenodo.org/record/2530057#.XiHX2Uf7SUk
CESSDA Webinar: Data Discovery,"Johana ChylÃ­kovÃ¡, Martin VÃ¡vra; KristÃ½na BaÅ¡nÃ¡",2019,,Webinar,zenodo,https://zenodo.org/record/2653950#.XiHYBkf7SUk
Perspectives on the Implementation of the CESSDA Metadata Model,"Vipavc Brvar, Irena, Bolko, Irena",2017,,Presentation,zenodo,https://zenodo.org/record/1118378#.XiHYWEf7SUk
pyDataverse talk at the Dataverse Community Conference 2019,"Kasberger, Stefan",2019,python,Presentation,zenodo,https://zenodo.org/record/3265128#.XiHZlEf7SUk
The Matter of Meta in Research Data Management,"FÃ¶rster, Andre, et al.",2019,,Presentation,zenodo,https://zenodo.org/record/3598256#.XiHZiUf7SUk
Metadata and index on social science research data,Thomas KrÃ¤mer,2017,,Dataset,zenodo,https://zenodo.org/record/896431#.XiHZ9Uf7SUk
Causal inference mixtape,Scott Cunningham,2020,,Textbook,website,https://scunning.com/cunningham_mixtape.pdf
Public Administration teaching materials,,,,platform and all types of materials,website,https://higherstudy.org/
SPSS Tutorials,Patrick White,2020,SPSS,Video,YouTube,https://www.youtube.com/user/patrickkwhite/videos
How to simulate data,Alan Pickering,2020,,Video,YouTube,https://youtu.be/n-d_DZsxHQc
ESSA (European Social Simulation Association Summer School) Plenary Talks,,2011,agent-based modelling; methodology,Video,YouTube,https://www.youtube.com/user/daphal/videos
Statistics and Data Analysis YouTube Channel,Alan Pickering,2020,"Satistics, Data Analysis, Simulating data",Video,YouTube,https://www.youtube.com/channel/UC8-IAMDbKdJAh0ZPNd4FsVg
SPSS - basic manual,Mike Griffiths,2017-18,"SPSS, statistics, running, reporting",Online manual,Web,http://homepages.gold.ac.uk/mikegriffiths/teaching/Booklet.pdf
Simulation of power in the t-test,Mike Griffiths,2020,Power diagram Howell t-test,Excel simulation,Web,http://homepages.gold.ac.uk/mikegriffiths/teaching/index.html
"Mplus code for mediation, moderation and moderated mediation models",Christopher Stride,2015,"SPSS, SAS, statistics",Code and overview,Web,http://offbeat.group.shef.ac.uk/FIO/mplusmedmod.htm
Making Sense of Criminological Data,Reka Solymosi,2019,R,"Syllabus, Slides for lectures, Reading List, Worksheets/ lab activities, Homework activies, Data sets",GitHub,https://maczokni.github.io/MSCD/
Modelling Criminological Data,"Juanjo Medina, Reka Solymosi",2020,R,Lab workseets/exercises,GitHub,https://jjmedinaariza.github.io/modelling_book/
Crime Mapping,Reka Solymosi and Juanjo Medina,2018,R,Lab workseets/exercises,GitHub,https://maczokni.github.io/crimemapping_textbook_bookdown/
New forms of data for social science research,"Dr Julia Kasmire and Dr Diarmuid McDonnell, UKDS",2020,web-scraping; text mining; social media; apis; computational social science,training,GitHub,https://github.com/UKDataServiceOpen/new-forms-of-data
Data Visualization,Dr Andrew Heiss,2020,"R, ggplot2",Course materials,website,https://datavizm20.classes.andrewheiss.com
Computational Social Science,"Martin Hilbert, UC Davis",2020,"computational social science, artificial intelligence, social network analysis, simulations",Course,Coursera,https://www.coursera.org/specializations/computational-social-science-ucdavis#about
Essex Q Step Centre quantitative and computational social science course materials,L Brace,2020,"R, python, GIS, Bayesian analysis, data visualization, data management, social network analysis, SPSS, SQL, Nvivo, survey design, qualtrics",Course materials,GitHub,https://exeter-qstep-resources.github.io/Ê
"Course materials for Text as Data Lab, Spring 2018","Arthur Spirling, Kevin Munger, Patrick Chester, Leslie Huang, and Pedro L. Rodr’guez",2018,"R, Rstudio, quanteda",Course materials,GitHub,https://github.com/leslie-huang/Text-as-Data-Lab-Spr2018
Text-as-Data lab materials for Spring 2020,"Arthur Spirling, Kevin Munger, Patrick Chester, Leslie Huang, and Pedro L. Rodr’guez",2020,"R, Rstudio, quanteda",Course materials,GitHub,https://github.com/leslie-huang/TextasDataLabSpring2020
An Introduction to Analyzing Political Texts,Arthur Spirling,2019,"R, Rstudio, quanteda, readtext, lsa, bursts, topicmodels, ldatuning",Course,GitHub,https://github.com/ArthurSpirling/yale_text_course
Lecture materials from the 2018 CSS USC Summer School,Arthur Spirling,2018,,Course,GitHub,https://github.com/ArthurSpirling/USC_SummerSchool
Collection of YouTube videos for learning statistics with R,Flavio Azevedo,2016,"R, statistics",Tutorials,Blog,http://flavioazevedo.com/stats-and-r-blog/2016/9/13/learning-r-on-youtube
Advanced statistics with R,"Hunter Glanz, Kelly Bodwin",2020,"R, statistics",Course,GitHub,https://cal-poly-advanced-r.github.io/STAT-431/
CODING SOCIAL SCIENCE,Matti Nelimarkka,2020,"computational social science, artificial intelligence, social network analysis, simulations",Book,Web,http://codingsocialscience.org/
Digital & Computational Methods,Matti Nelimarkka,2020,"computational social science, python, network analysis, data extraction, machine learning",Course materials,GitHub,https://github.com/uh-dcm
Data Visualization,Jay Goodliffe,2020,"R, Rstutio",Course,website,http://goodliffe.byu.edu/301/syllabus.htm
Learn R 4 Free,Mine Dogucu,2020,"R, Rstutio",Training,website,https://www.learnr4free.com/
A sociology experiment,"Angela Barian, Maia Cucchiara, Judith Halasz, Margaret Hicken, Peter Kaufman, Shamus Khan, Hedwig Lee, Radhawn Ray, Fabio Rojas, Todd Schoepflin, Patrick Sharkey, Gwen Sharm, Patricia Tevington, Melissa J Wilde, Jonathan Wynn",2020,"sociology, research methods",Course materials,website,https://www.sociologyexperiment.com/
NLP Course,Lena Voita,2020,text mining,Course,website,https://lena-voita.github.io/nlp_course.html
Computational analysis of Political Texts,"Federico Nanni, Goran Glavas",2020,text mining,Slides,Google Drive,https://docs.google.com/presentation/d/1Pm2obVYPjruc-zR2URnNVd5ndtAek2wwPn4JpX-Svx8/edit?usp=sharing
Awesome Machine Learning and AI Courses - a curated list, Lukas Spranger,2020,"machine learning, ML",List of courses,github,https://github.com/luspr/awesome-ml-courses
PolicyViz,Jonathan Schwabish,2020,"resources for data visualization, podcast, blog",Reference material,website,https://policyviz.com/about/
Intermediate Python refresher tutorial,Elijah Lopez,2020,python,tutorials,blog,https://hackernoon.com/intermediate-python-refresher-tutorial-project-ideas-and-tips-i28s320p
"Interactive visualisations: cohen's d, confidence intervals, bayesian inference, correlations, p-value, t-distribution",Kristoffer Magnusson,2020,"R, statistics",visualizations,website,https://rpsychologist.com/viz
130 Data Science Projects - links out to step-by-step guides to work through each,Aman Kharwal,2020,"machine learning, ML, data science, R, python",guide,blog,https://medium.com/the-innovation/130-machine-learning-projects-solved-and-explained-605d188fb392
How to manage data,Patrick S. Forscher,2020,"data management, variable naming, ontologies, tidy data",Course,YouTube,https://www.youtube.com/playlist?list=PLy1c0eubiYXlBLTk4T_i-IQGopzSWfSuj